[
  {
    "key": "Giintstrands",
    "value": "Glintstrands"
  },
  {
    "key": "Hearty Meai",
    "value": "Hearty Meal"
  },
  {
    "key": "Orichaleum",
    "value": "Orichalcum"
  },
  {
    "key": "Orichaleum Ingot",
    "value": "Orichalcum Ingot"
  },
  {
    "key": "Recipe: Meatioaf",
    "value": "Recipe: Meatloaf"
  },
  {
    "key": "Schematic: Black- lacquered Tall Bookcase",
    "value": "Schematic: Black-lacquered Tall Bookcase"
  },
  {
    "key": "Schematic: Black- lacquered Scrolled Armoire",
    "value": "Schematic: Black-lacquered Scrolled Armoire"
  },
  {
    "key": "Schematic: Black- lacquered Scrolled Desk",
    "value": "Schematic: Black-lacquered Scrolled Desk"
  },
  {
    "key": "Schematic: Black- lacquered Vanity Table",
    "value": "Schematic: Black-lacquered Vanity Table"
  },
  {
    "key": "Schematic: lron-bound Wall-mounted Lantern",
    "value": "Schematic: Iron-bound Wall-mounted Lantern"
  },
  {
    "key": "Schematic: Maple Smail Table",
    "value": "Schematic: Maple Small Table"
  },
  {
    "key": "Shockbuib Stem",
    "value": "Shockbulb Stem"
  },
  {
    "key": "Tendrilspine Fibers.",
    "value": "Tendrilspine Fibers"
  },
  {
    "key": "Toilvium",
    "value": "Tolvium"
  },
  {
    "key": "Umbrali Shard",
    "value": "Umbral Shard"
  }
]